serie,origen,modelo,MAE,RMSE,MASE
t_367,0,naive_est,0.8669428104575164,1.0024823448039362,0.6988146117687711
t_367,0,SARIMA,0.8024313900576306,1.0393227347267073,0.6468140384234462
t_367,0,GBM_lags,0.6119040335667392,0.7586305651390574,0.4932360872005182
t_367,1,naive_est,1.2349274705124396,1.892336481422906,0.9974650441737869
t_367,1,SARIMA,0.584010248618339,0.7581735823829154,0.4717117582576019
t_367,1,GBM_lags,0.9710996842169841,1.2492254569271966,0.7843683232770773
t_367,2,naive_est,0.9723725530280501,1.248387675414999,0.7854097962521248
t_367,2,SARIMA,0.972392305541906,1.0581309692651337,0.7854257508549514
t_367,2,GBM_lags,1.0920702762570154,1.2397111285185238,0.8820926613950623
nivel_803,0,naive_est,0.8124719901702843,0.9465946282045707,0.5057218845784933
nivel_803,0,SARIMA,0.617594376377682,0.7422693891953991,0.3844206270561276
nivel_803,0,GBM_lags,0.779570708897669,1.001697172627154,0.4852425349251634
nivel_803,1,naive_est,0.7648287608137524,0.916871132038191,0.4776616878891632
nivel_803,1,SARIMA,0.751782331823263,0.8863676597146267,0.46951374731499745
nivel_803,1,GBM_lags,1.0940921350312574,1.432312817335263,0.6832979128154821
nivel_803,2,naive_est,0.920542097785597,1.3265461598201833,0.5769324957434177
nivel_803,2,SARIMA,0.7122327249858796,0.9497778692888409,0.4463785030197974
nivel_803,2,GBM_lags,0.8584755478815033,1.0445706850841756,0.5380334496004
rad_6004,0,naive_est,66.17086403405524,135.08515345225285,0.7965177460903206
rad_6004,0,SARIMA,63.64542568563422,105.16993767153573,0.7661183174212448
rad_6004,0,GBM_lags,61.3923291076444,123.37101172691962,0.7389971450711202
rad_6004,1,naive_est,123.82953917529818,227.07743751221983,1.4926240021883723
rad_6004,1,SARIMA,95.43856197711818,165.13442389303432,1.1504031210172363
rad_6004,1,GBM_lags,61.22300993537747,121.94257729339628,0.7379736266836636
rad_6004,2,naive_est,95.17811523069679,158.67271615625015,1.1434831467133235
rad_6004,2,SARIMA,39.69779512049951,61.36147937770909,0.47693484549407456
rad_6004,2,GBM_lags,50.02348319266599,70.02141629955182,0.600989101665488
lluvia_35,0,naive_est,0.7302499999999998,2.42356022550847,1.7171152869476887
lluvia_35,0,SARIMA,0.3924381099562291,0.7513734515605119,0.9227818935798686
lluvia_35,0,GBM_lags,0.33458376050089794,0.8540676061844875,0.7867427455262392
lluvia_35,1,naive_est,0.26458333333333334,0.8376225283503304,0.6191432396251674
lluvia_35,1,SARIMA,0.22479510533424585,0.22584559584974778,0.5260360432196247
lluvia_35,1,GBM_lags,0.3158496761029243,0.550665521465805,0.7391100158623912
lluvia_35,2,naive_est,0.0,0.0,0.0
lluvia_35,2,SARIMA,0.21680067699396766,0.2169423185500418,0.5086286281226281
lluvia_35,2,GBM_lags,0.7049785102846166,0.861656969085188,1.6539258895025297
